<?xml version="1.0" encoding="UTF-8" standalone="yes"?>
<library-item xmlns="http://spotfire.tibco.com/ws/2008/12/library">
    <title>library</title>
    <item-type>
        <label>folder</label>
        <label-prefix>spotfire</label-prefix>
        <is-container>true</is-container>
    </item-type>
    <format-version>58.2.10504.3382</format-version>
    <created>2022-09-16T19:07:57.966+05:30</created>
    <modified>2022-09-16T19:07:57.966+05:30</modified>
    <children>
        <library-item>
            <id>e3f572cf-0af9-4dbd-b837-2b0ccb375e57</id>
            <title>InformationPackage</title>
            <item-type>
                <label>folder</label>
                <label-prefix>spotfire</label-prefix>
                <is-container>true</is-container>
            </item-type>
            <created-by>Administrator@SPOTFIRE</created-by>
            <created>2019-09-16T11:43:45.000Z</created>
            <modified-by>Administrator@SPOTFIRE</modified-by>
            <modified>2022-07-14T13:47:16.000Z</modified>
            <accessed>2020-01-03T15:02:14.000Z</accessed>
            <properties/>
            <keywords/>
            <children/>
            <hidden>false</hidden>
        </library-item>
    </children>
    <hidden>false</hidden>
</library-item>
